user_id,search_willingness,search_competence,rescue_willingness,rescue_competence,remove_willingness,remove_competence
alex,0.6327202065662478,0.09531017980432487,0.14742282062718437,0.33011721963676366,0.7285671362181432,0.4517252806011838
