name;task;competence;willingness
ergre;remove_stone;0.04999999999999999;0.04999999999999999
