name;task;competence;willingness
ergerg;remove_tree;0.04999999999999999;0.04999999999999999
